cluster_2025,cluster_2026_fixed,hexes,baseline_cluster_hexes,row_share
C1,C1,76,182,0.4175824175824176
C1,C2,42,182,0.23076923076923078
C1,C3,8,182,0.04395604395604396
C1,C4,7,182,0.038461538461538464
C1,C5,16,182,0.08791208791208792
C1,C6,15,182,0.08241758241758242
C1,C7,18,182,0.0989010989010989
C2,C1,28,854,0.03278688524590164
C2,C2,589,854,0.689695550351288
C2,C3,15,854,0.01756440281030445
C2,C4,88,854,0.10304449648711944
C2,C5,81,854,0.09484777517564402
C2,C6,47,854,0.05503512880562061
C2,C7,6,854,0.00702576112412178
C3,C1,9,133,0.06766917293233082
C3,C2,21,133,0.15789473684210525
C3,C3,49,133,0.3684210526315789
C3,C4,4,133,0.03007518796992481
C3,C5,17,133,0.12781954887218044
C3,C6,4,133,0.03007518796992481
C3,C7,29,133,0.21804511278195488
C4,C1,15,581,0.025817555938037865
C4,C2,74,581,0.12736660929432014
C4,C3,2,581,0.0034423407917383822
C4,C4,422,581,0.7263339070567987
C4,C5,20,581,0.03442340791738382
C4,C6,44,581,0.0757314974182444
C4,C7,4,581,0.0068846815834767644
C5,C1,11,192,0.057291666666666664
C5,C2,49,192,0.2552083333333333
C5,C3,14,192,0.07291666666666667
C5,C4,15,192,0.078125
C5,C5,68,192,0.3541666666666667
C5,C6,28,192,0.14583333333333334
C5,C7,7,192,0.036458333333333336
C6,C1,7,244,0.028688524590163935
C6,C2,38,244,0.1557377049180328
C6,C3,2,244,0.00819672131147541
C6,C4,21,244,0.0860655737704918
C6,C5,16,244,0.06557377049180328
C6,C6,153,244,0.6270491803278688
C6,C7,7,244,0.028688524590163935
C7,C1,21,329,0.06382978723404255
C7,C2,7,329,0.02127659574468085
C7,C3,34,329,0.1033434650455927
C7,C4,3,329,0.00911854103343465
C7,C5,14,329,0.0425531914893617
C7,C6,5,329,0.015197568389057751
C7,C7,245,329,0.7446808510638298
